Country,lat,lon
0,,
Ethiopia,,
Indonesia,,
Democratic Republic of the Congo,,
Democratic Republic of the Congo,,
Democratic Republic of the Congo,,
Democratic Republic of the Congo,,
Democratic Republic of the Congo,,
Democratic Republic of the Congo,,
Côte d'Ivoire,,
Côte d'Ivoire,,
0,,
0,,
Rwanda,,
0,,
0,,
0,,
0,,
0,,
Cameroon,,
Democratic Republic of the Congo,,
Morocco,,
0,,
Colombia,,
Ethiopia,,
Italy,,
0,,
0,,
Togo,,
Togo,,
Zambia,,
Côte d'Ivoire,,
0,,
Mongolia,,
Cameroon,,
Kazachstan,,
Kenya,,
Côte d'Ivoire,,
Côte d'Ivoire,,
Democratic Republic of the Congo,,
Democratic Republic of the Congo,,
Nigeria,,
The Gambia,,
Ethiopia,,
Ethiopia,,
Ethiopia,,
Ethiopia,,
Ethiopia,,
Ethiopia,,
Ethiopia,,
Côte d'Ivoire,,
Morocco,,
South Sudan,,
South Sudan,,
Zambia,,
Zambia,,
Côte d'Ivoire,,
Côte d'Ivoire,,
Côte d'Ivoire,,
Côte d'Ivoire,,
Ethiopia,,
Ethiopia,,
Democratic Republic of the Congo,,
Republic of Congo,,
Republic of Congo,,
Côte d'Ivoire,,
South Africa,,
Democratic Republic of the Congo,,
The Philippines,,
0,,
Côte d'Ivoire,,
Malawi,,
China,,
Uganda,,
0,,
0,,
0,,
China,,
0,,
0,,
Venezuela,,
Uganda,,
Morocco,,
