primer_name,seq
TB927.1.3230_v1_F,CCCTCAAATTTCCCCTCCCC
TB927.1.3230_v1_R,GTGCAGACCCACGAGAAAGA
Tb09.211.2070_v0_F,CCACGACGAAACCAAACACC
Tb09.211.2070_v0_R,TTGCCTGACGCTGGATTCAT
Tb10.61.1180_v1_F,CCGTGTACTGGTTGCGTACT
Tb10.61.1180_v1_R,GTGTGTGCTCCCCTCTTCAC
Tb10.61.2640_v0_F,CTGAGGAACCCCAGTTTCCC
Tb10.61.2640_v0_R,TGCTCGAAGGTCACACAGAC
Tb10.61.2640_v2_F,CTGAGGAACCCCAGTTTCCC
Tb10.61.2640_v2_R,TGGCGTGAGAGCGTTAAACT
Tb10.61.2900_v2_F,TCGGTGCATTCCATTCCGAA
Tb10.61.2900_v2_R,CGGGATCGTATTCCGCTTGA
Tb10.70.2480_v7_F,ACTCGCGACACATTTCCCAT
Tb10.70.2480_v7_R,GTGGATCATCACATGCGTGC
Tb10.70.4840_v6_F,AGGACGTTTTGATGGCGCTA
Tb10.70.4840_v6_R,CTTTTCCAAGCCCACACACG
Tb10.70.6030_v4_F,TGGCCTAGACGACACTAGCT
Tb10.70.6030_v4_R,TAGCGGATGCCTTTCGTGTT
Tb11.02.1480_v8_F,ATCGCGTAACACCCAGTTGT
Tb11.02.1480_v8_R,GGTCCTGCTACCATTGCCTT
Tb11.46.0013_v4_F,AAACGCCACTGGGAGCAATA
Tb11.46.0013_v4_R,TAACGACAGGCCCCCATCTA
Tb927.3.4350_v0_F,CACGAGTTCAGCGGCAAAAA
Tb927.3.4350_v0_R,GCGCCGTTTTTGTTGACTCT
Tb927.4.980_v7_F,ATAGTGCTGCCGATTCCTCG
Tb927.4.980_v7_R,TGTGAAGTCTCCACTGCGAC
Tb927.5.1220_v2_F,TCCTTTTCCCATGCCCCTTC
Tb927.5.1220_v2_R,GTTGCCGTTTGTCCAGAACC
Tb927.6.1100_v2_F,GCCTCCACAAAAGTGCCAAG
Tb927.6.1100_v2_R,GTTTCTTTGCGTCGCCACTT
Tb927.6.2630_v2_F,CCTCGCTCCCTTCCATTTGT
Tb927.6.2630_v2_R,GGGTTTGTTTCGCCCCTTTC
Tb927.6.2630_v5_F,CGAGCCGTACTTGCGATTTG
Tb927.6.2630_v5_R,CCCACCTGCAGAAATCCCAT
Tb927.6.3660_v3_F,CCTCCCACATTGTCCTCCAC
Tb927.6.3660_v3_R,GGGGTGACACATCCAGAAGG
Tb927.6.5000_v3_F,CCGCCCCCTCCTTACAAATT
Tb927.6.5000_v3_R,CTGTTGTTGTTACTGCCGCC
Tb927.7.6560_v5_F,CACACGCCACACTACAGTCT
Tb927.7.6560_v5_R,GTGGCGGTGACTCACTACAA
Tb927.8.3480_v6_F,GGCTCGTGCGTCTATAGGTC
Tb927.8.3480_v6_R,TCCCACATGCTGGAATTCCC
Tb927.8.3810_v6_F,ACTACGGCAGAATCGCTACG
Tb927.8.3810_v6_R,CTTGTCCACTGCTTCGCAAC